os,immutability_update_safety,rollback_recovery,hardware_compatibility,declarative_ops,local_first_ux,security_trust_chain,ai_specific_fitness,lightweight_orchestration_fit,overall_fit,notes
Ubuntu Server,2,2,5,2,4,3,2,3,3,"互換性は強いが、AI専用OSとしては汎用すぎる。"
Ubuntu Core,5,5,3,4,2,5,3,3,4,"更新と回復は強いが、AI開発用途では窮屈になりやすい。"
Fedora Silverblue,4,4,3,3,3,4,3,3,3,"壊れにくいが、AIサーバーよりデスクトップ色が強い。"
Fedora CoreOS,5,5,4,4,2,4,4,4,4,"OS更新モデルは優秀だが、ローカル利用の親しみやすさは弱い。"
bootc image mode,5,5,4,4,3,4,4,4,5,"AI特化OSのベース更新モデルとしてかなり有望。"
NixOS,4,5,3,5,2,4,3,3,4,"再現性は非常に強いが、学習コストが高い。"
Talos Linux,5,5,2,5,1,5,3,3,4,"規律は強いが、単一ノードの探索的利用には厳しい。"
ChromeOS/ChromiumOS,5,5,2,2,4,5,1,1,2,"信頼連鎖は強いが、AIサーバー自由度は低い。"
macOS Apple Silicon,3,3,2,2,5,4,4,2,3,"ローカルAI UXは強いが、Linux系AI基盤の自由度はない。"
Windows ML stack,3,3,4,2,4,3,3,2,3,"実行プロバイダ抽象は参考になるが、OS全体設計の規律は弱い。"
Flatcar Linux,5,4,3,4,2,4,4,4,4,"コンテナOSとして堅いが、AIワークステーション体験は薄い。"
Bottlerocket,5,4,2,4,1,5,3,3,3,"安全性は高いが、AWS寄りでローカル汎用性が低い。"
SUSE MicroOS,4,4,3,3,2,4,3,3,3,"Transactional Update は魅力だが、AI専用抽象は別途必要。"
